filename,algorithm,"Experiments/Results/gecco25_gc/exp4_output_ea_MountainCar-v0_abcd_seed-15_time-2025-03-23_21-06-48.pkl,EA,MountainCar-v0,abcd,15,100,1000,474,1099.0,""[64, 32]"",50,10,17129.0,100.0,20124.08598160744,0.01,11360.0",model,seed,population_size,max_iterations,n_iterations,best_score,hidden_size,max_stagnment,tries,evaluation_score,eval_tries,time,lambda_decay,n_variables,SAVED,,,,,,,,
Experiments/Results/gecco25_gc/exp4_output_ea_Acrobot-v1_abcd_seed-0_time-2025-03-28_18-24-49.pkl,EA,Acrobot-v1,abcd,0,100,1000,27,744,"[64, 32]",50,10,10086,100,3842.33268,0.01,12640,,,,,,,,,
Experiments/Results/gecco25_gc/exp4_output_ea_Acrobot-v1_abcd_seed-1_time-2025-03-28_19-41-02.pkl,EA,Acrobot-v1,abcd,1,100,1000,45,750,"[64, 32]",50,10,8430,100,4572.755167,0.01,12640,,,,,,,,,
Experiments/Results/gecco25_gc/exp4_output_ea_Acrobot-v1_abcd_seed-2_time-2025-03-28_21-04-57.pkl,EA,Acrobot-v1,abcd,2,100,1000,48,726,"[64, 32]",50,10,9222,100,5035.385341,0.01,12640,,,,,,,,,
Experiments/Results/gecco25_gc/exp4_output_ea_Acrobot-v1_abcd_seed-3_time-2025-03-28_22-17-37.pkl,EA,Acrobot-v1,abcd,3,100,1000,37,743,"[64, 32]",50,10,8943,100,4360.006678,0.01,12640,,,,,,,,,
Experiments/Results/gecco25_gc/exp4_output_ea_Acrobot-v1_abcd_seed-4_time-2025-03-28_23-27-22.pkl,EA,Acrobot-v1,abcd,4,100,1000,30,743,"[64, 32]",50,10,8377,100,4184.627092,0.01,12640,,,,,,,,,
Experiments/Results/gecco25_gc/exp4_output_ea_Acrobot-v1_abcd_seed-5_time-2025-03-29_00-18-20.pkl,EA,Acrobot-v1,abcd,5,100,1000,24,747,"[64, 32]",50,10,9232,100,3057.928866,0.01,12640,,,,,,,,,
Experiments/Results/gecco25_gc/exp4_output_ea_Acrobot-v1_abcd_seed-6_time-2025-03-29_01-20-22.pkl,EA,Acrobot-v1,abcd,6,100,1000,31,747,"[64, 32]",50,10,9754,100,3721.494501,0.01,12640,,,,,,,,,
Experiments/Results/gecco25_gc/exp4_output_ea_Acrobot-v1_abcd_seed-7_time-2025-03-29_02-55-25.pkl,EA,Acrobot-v1,abcd,7,100,1000,47,745,"[64, 32]",50,10,9219,100,5703.391037,0.01,12640,,,,,,,,,
Experiments/Results/gecco25_gc/exp4_output_ea_Acrobot-v1_abcd_seed-8_time-2025-03-29_04-06-41.pkl,EA,Acrobot-v1,abcd,8,100,1000,38,749,"[64, 32]",50,10,9138,100,4276.032254,0.01,12640,,,,,,,,,
Experiments/Results/gecco25_gc/exp4_output_ea_Acrobot-v1_abcd_seed-9_time-2025-03-29_05-19-13.pkl,EA,Acrobot-v1,abcd,9,100,1000,38,741,"[64, 32]",50,10,9187,100,4352.093519,0.01,12640,,,,,,,,,
Experiments/Results/gecco25_gc/exp4_output_ea_Acrobot-v1_abcd_seed-10_time-2025-03-29_06-39-32.pkl,EA,Acrobot-v1,abcd,10,100,1000,47,743,"[64, 32]",50,10,9854,100,4818.453154,0.01,12640,,,,,,,,,
Experiments/Results/gecco25_gc/exp4_output_ea_Acrobot-v1_abcd_seed-11_time-2025-03-29_11-31-48.pkl,EA,Acrobot-v1,abcd,11,100,1000,243,739,"[64, 32]",50,10,9579,100,17536.87553,0.01,12640,,,,,,,,,
Experiments/Results/gecco25_gc/exp4_output_ea_Acrobot-v1_abcd_seed-12_time-2025-03-29_12-22-31.pkl,EA,Acrobot-v1,abcd,12,100,1000,25,725,"[64, 32]",50,10,8774,100,3042.073293,0.01,12640,,,,,,,,,
Experiments/Results/gecco25_gc/exp4_output_ea_Acrobot-v1_abcd_seed-13_time-2025-03-29_13-33-49.pkl,EA,Acrobot-v1,abcd,13,100,1000,35,722,"[64, 32]",50,10,10822,100,4278.42428,0.01,12640,,,,,,,,,
Experiments/Results/gecco25_gc/exp4_output_ea_Acrobot-v1_abcd_seed-14_time-2025-03-29_14-43-50.pkl,EA,Acrobot-v1,abcd,14,100,1000,30,748,"[64, 32]",50,10,8431,100,4201.076222,0.01,12640,,,,,,,,,
Experiments/Results/gecco25_gc/exp4_output_ea_Acrobot-v1_abcd_seed-15_time-2025-03-29_16-19-46.pkl,EA,Acrobot-v1,abcd,15,100,1000,59,744,"[64, 32]",50,10,8663,100,5755.491604,0.01,12640,,,,,,,,,
Experiments/Results/gecco25_gc/exp4_output_ea_Acrobot-v1_abcd_seed-16_time-2025-03-29_18-10-36.pkl,EA,Acrobot-v1,abcd,16,100,1000,77,737,"[64, 32]",50,10,8731,100,6650.750595,0.01,12640,,,,,,,,,
Experiments/Results/gecco25_gc/exp4_output_ea_Acrobot-v1_abcd_seed-17_time-2025-03-29_19-38-31.pkl,EA,Acrobot-v1,abcd,17,100,1000,43,740,"[64, 32]",50,10,8756,100,5274.270416,0.01,12640,,,,,,,,,
Experiments/Results/gecco25_gc/exp4_output_ea_Acrobot-v1_abcd_seed-18_time-2025-03-29_21-13-41.pkl,EA,Acrobot-v1,abcd,18,100,1000,48,733,"[64, 32]",50,10,8647,100,5710.26054,0.01,12640,,,,,,,,,
Experiments/Results/gecco25_gc/exp4_output_ea_Acrobot-v1_abcd_seed-19_time-2025-03-29_22-45-33.pkl,EA,Acrobot-v1,abcd,19,100,1000,59,709,"[64, 32]",50,10,8272,100,5511.90401,0.01,12640,,,,,,,,,
Experiments/Results/gecco25_gc/exp4_output_ea_Acrobot-v1_abcd_seed-20_time-2025-03-30_02-44-03.pkl,EA,Acrobot-v1,abcd,20,100,1000,133,745,"[64, 32]",50,10,9585,100,10709.76496,0.01,12640,,,,,,,,,
Experiments/Results/gecco25_gc/exp4_output_ea_Acrobot-v1_abcd_seed-21_time-2025-03-30_04-43-04.pkl,EA,Acrobot-v1,abcd,21,100,1000,72,742,"[64, 32]",50,10,9592,100,7141.709402,0.01,12640,,,,,,,,,
Experiments/Results/gecco25_gc/exp4_output_ea_Acrobot-v1_abcd_seed-22_time-2025-03-30_06-56-44.pkl,EA,Acrobot-v1,abcd,22,100,1000,96,745,"[64, 32]",50,10,8833,100,8019.222466,0.01,12640,,,,,,,,,
Experiments/Results/gecco25_gc/exp4_output_ea_Acrobot-v1_abcd_seed-23_time-2025-03-30_08-32-25.pkl,EA,Acrobot-v1,abcd,23,100,1000,55,750,"[64, 32]",50,10,9259,100,5741.642274,0.01,12640,,,,,,,,,
Experiments/Results/gecco25_gc/exp4_output_ea_Acrobot-v1_abcd_seed-24_time-2025-03-30_09-39-24.pkl,EA,Acrobot-v1,abcd,24,100,1000,30,749,"[64, 32]",50,10,9018,100,4019.09529,0.01,12640,,,,,,,,,
Experiments/Results/gecco25_gc/exp4_output_ea_Acrobot-v1_abcd_seed-25_time-2025-03-30_11-36-07.pkl,EA,Acrobot-v1,abcd,25,100,1000,70,743,"[64, 32]",50,10,9050,100,7002.326433,0.01,12640,,,,,,,,,
Experiments/Results/gecco25_gc/exp4_output_ea_Acrobot-v1_abcd_seed-26_time-2025-03-30_12-44-26.pkl,EA,Acrobot-v1,abcd,26,100,1000,34,729,"[64, 32]",50,10,8715,100,4098.992471,0.01,12640,,,,,,,,,
Experiments/Results/gecco25_gc/exp4_output_ea_Acrobot-v1_abcd_seed-27_time-2025-03-30_14-17-59.pkl,EA,Acrobot-v1,abcd,27,100,1000,53,736,"[64, 32]",50,10,9182,100,5613.447843,0.01,12640,,,,,,,,,
Experiments/Results/gecco25_gc/exp4_output_ea_Acrobot-v1_abcd_seed-28_time-2025-03-30_15-30-10.pkl,EA,Acrobot-v1,abcd,28,100,1000,38,733,"[64, 32]",50,10,8277,100,4331.180366,0.01,12640,,,,,,,,,
Experiments/Results/gecco25_gc/exp4_output_ea_Acrobot-v1_abcd_seed-29_time-2025-03-30_15-58-01.pkl,EA,Acrobot-v1,abcd,29,100,1000,8,733,"[64, 32]",50,10,9307,100,1670.733587,0.01,12640,,,,,,,,,
Experiments/Results/gecco25_gc/exp4_output_ea_Acrobot-v1_neuromodulated_hb_seed-0_time-2025-03-28_19-19-33.pkl,EA,Acrobot-v1,neuromodulated_hb,0,100,1000,55,750,"[64, 32]",50,10,8756,100,7123.02806,0.01,12640,,,,,,,,,
Experiments/Results/gecco25_gc/exp4_output_ea_Acrobot-v1_neuromodulated_hb_seed-1_time-2025-03-28_20-51-31.pkl,EA,Acrobot-v1,neuromodulated_hb,1,100,1000,49,744,"[64, 32]",50,10,8586,100,5518.219423,0.01,12640,,,,,,,,,
Experiments/Results/gecco25_gc/exp4_output_ea_Acrobot-v1_neuromodulated_hb_seed-2_time-2025-03-28_22-36-36.pkl,EA,Acrobot-v1,neuromodulated_hb,2,100,1000,59,740,"[64, 32]",50,10,8834,100,6305.265582,0.01,12640,,,,,,,,,
Experiments/Results/gecco25_gc/exp4_output_ea_Acrobot-v1_neuromodulated_hb_seed-3_time-2025-03-29_00-13-11.pkl,EA,Acrobot-v1,neuromodulated_hb,3,100,1000,51,748,"[64, 32]",50,10,9463,100,5794.319491,0.01,12640,,,,,,,,,
Experiments/Results/gecco25_gc/exp4_output_ea_Acrobot-v1_neuromodulated_hb_seed-4_time-2025-03-29_01-42-46.pkl,EA,Acrobot-v1,neuromodulated_hb,4,100,1000,40,741,"[64, 32]",50,10,8990,100,5375.471418,0.01,12640,,,,,,,,,
Experiments/Results/gecco25_gc/exp4_output_ea_Acrobot-v1_neuromodulated_hb_seed-5_time-2025-03-29_02-41-21.pkl,EA,Acrobot-v1,neuromodulated_hb,5,100,1000,24,749,"[64, 32]",50,10,8979,100,3515.157654,0.01,12640,,,,,,,,,
Experiments/Results/gecco25_gc/exp4_output_ea_Acrobot-v1_neuromodulated_hb_seed-6_time-2025-03-29_03-51-29.pkl,EA,Acrobot-v1,neuromodulated_hb,6,100,1000,31,747,"[64, 32]",50,10,8797,100,4207.399632,0.01,12640,,,,,,,,,
Experiments/Results/gecco25_gc/exp4_output_ea_Acrobot-v1_neuromodulated_hb_seed-7_time-2025-03-29_05-21-15.pkl,EA,Acrobot-v1,neuromodulated_hb,7,100,1000,48,744,"[64, 32]",50,10,8741,100,5385.776917,0.01,12640,,,,,,,,,
Experiments/Results/gecco25_gc/exp4_output_ea_Acrobot-v1_neuromodulated_hb_seed-8_time-2025-03-29_06-28-28.pkl,EA,Acrobot-v1,neuromodulated_hb,8,100,1000,27,732,"[64, 32]",50,10,8749,100,4033.086989,0.01,12640,,,,,,,,,
Experiments/Results/gecco25_gc/exp4_output_ea_Acrobot-v1_neuromodulated_hb_seed-9_time-2025-03-29_08-36-45.pkl,EA,Acrobot-v1,neuromodulated_hb,9,100,1000,85,748,"[64, 32]",50,10,8958,100,7696.8036,0.01,12640,,,,,,,,,
Experiments/Results/gecco25_gc/exp4_output_ea_Acrobot-v1_neuromodulated_hb_seed-10_time-2025-03-29_09-34-22.pkl,EA,Acrobot-v1,neuromodulated_hb,10,100,1000,25,728,"[64, 32]",50,10,9135,100,3457.611914,0.01,12640,,,,,,,,,
Experiments/Results/gecco25_gc/exp4_output_ea_Acrobot-v1_neuromodulated_hb_seed-11_time-2025-03-29_10-21-46.pkl,EA,Acrobot-v1,neuromodulated_hb,11,100,1000,19,748,"[64, 32]",50,10,9448,100,2843.732818,0.01,12640,,,,,,,,,
Experiments/Results/gecco25_gc/exp4_output_ea_Acrobot-v1_neuromodulated_hb_seed-12_time-2025-03-29_12-03-30.pkl,EA,Acrobot-v1,neuromodulated_hb,12,100,1000,62,744,"[64, 32]",50,10,8507,100,6104.052943,0.01,12640,,,,,,,,,
Experiments/Results/gecco25_gc/exp4_output_ea_Acrobot-v1_neuromodulated_hb_seed-13_time-2025-03-29_13-05-19.pkl,EA,Acrobot-v1,neuromodulated_hb,13,100,1000,24,735,"[64, 32]",50,10,8569,100,3709.215673,0.01,12640,,,,,,,,,
Experiments/Results/gecco25_gc/exp4_output_ea_Acrobot-v1_neuromodulated_hb_seed-14_time-2025-03-29_17-08-50.pkl,EA,Acrobot-v1,neuromodulated_hb,14,100,1000,179,747,"[64, 32]",50,10,8832,100,14610.8098,0.01,12640,,,,,,,,,
Experiments/Results/gecco25_gc/exp4_output_ea_Acrobot-v1_neuromodulated_hb_seed-15_time-2025-03-29_19-43-29.pkl,EA,Acrobot-v1,neuromodulated_hb,15,100,1000,102,750,"[64, 32]",50,10,8438,100,9278.944838,0.01,12640,,,,,,,,,
Experiments/Results/gecco25_gc/exp4_output_ea_Acrobot-v1_neuromodulated_hb_seed-16_time-2025-03-29_21-00-35.pkl,EA,Acrobot-v1,neuromodulated_hb,16,100,1000,32,740,"[64, 32]",50,10,9943,100,4626.138535,0.01,12640,,,,,,,,,
Experiments/Results/gecco25_gc/exp4_output_ea_Acrobot-v1_neuromodulated_hb_seed-17_time-2025-03-29_22-45-45.pkl,EA,Acrobot-v1,neuromodulated_hb,17,100,1000,51,725,"[64, 32]",50,10,9622,100,6309.555464,0.01,12640,,,,,,,,,
Experiments/Results/gecco25_gc/exp4_output_ea_Acrobot-v1_neuromodulated_hb_seed-18_time-2025-03-30_00-09-03.pkl,EA,Acrobot-v1,neuromodulated_hb,18,100,1000,47,748,"[64, 32]",50,10,9213,100,4998.288374,0.01,12640,,,,,,,,,
Experiments/Results/gecco25_gc/exp4_output_ea_Acrobot-v1_neuromodulated_hb_seed-19_time-2025-03-30_02-20-18.pkl,EA,Acrobot-v1,neuromodulated_hb,19,100,1000,33,743,"[64, 32]",50,10,8600,100,4274.522998,0.01,12640,,,,,,,,,
Experiments/Results/gecco25_gc/exp4_output_ea_Acrobot-v1_neuromodulated_hb_seed-20_time-2025-03-30_03-47-05.pkl,EA,Acrobot-v1,neuromodulated_hb,20,100,1000,40,736,"[64, 32]",50,10,9077,100,5207.473472,0.01,12640,,,,,,,,,
Experiments/Results/gecco25_gc/exp4_output_ea_Acrobot-v1_neuromodulated_hb_seed-21_time-2025-03-30_04-51-50.pkl,EA,Acrobot-v1,neuromodulated_hb,21,100,1000,34,737,"[64, 32]",50,10,9741,100,3884.748538,0.01,12640,,,,,,,,,
Experiments/Results/gecco25_gc/exp4_output_ea_Acrobot-v1_neuromodulated_hb_seed-22_time-2025-03-30_06-04-01.pkl,EA,Acrobot-v1,neuromodulated_hb,22,100,1000,35,746,"[64, 32]",50,10,9150,100,4331.550008,0.01,12640,,,,,,,,,
Experiments/Results/gecco25_gc/exp4_output_ea_Acrobot-v1_neuromodulated_hb_seed-23_time-2025-03-30_07-03-16.pkl,EA,Acrobot-v1,neuromodulated_hb,23,100,1000,24,736,"[64, 32]",50,10,9225,100,3554.307747,0.01,12640,,,,,,,,,
Experiments/Results/gecco25_gc/exp4_output_ea_Acrobot-v1_neuromodulated_hb_seed-24_time-2025-03-30_08-36-21.pkl,EA,Acrobot-v1,neuromodulated_hb,24,100,1000,43,735,"[64, 32]",50,10,9364,100,5585.788807,0.01,12640,,,,,,,,,
Experiments/Results/gecco25_gc/exp4_output_ea_Acrobot-v1_neuromodulated_hb_seed-25_time-2025-03-30_10-07-31.pkl,EA,Acrobot-v1,neuromodulated_hb,25,100,1000,44,731,"[64, 32]",50,10,8546,100,5469.397891,0.01,12640,,,,,,,,,
Experiments/Results/gecco25_gc/exp4_output_ea_Acrobot-v1_neuromodulated_hb_seed-26_time-2025-03-30_11-48-33.pkl,EA,Acrobot-v1,neuromodulated_hb,26,100,1000,59,742,"[64, 32]",50,10,9261,100,6062.321163,0.01,12640,,,,,,,,,
Experiments/Results/gecco25_gc/exp4_output_ea_Acrobot-v1_neuromodulated_hb_seed-27_time-2025-03-30_13-35-27.pkl,EA,Acrobot-v1,neuromodulated_hb,27,100,1000,59,745,"[64, 32]",50,10,9573,100,6414.279859,0.01,12640,,,,,,,,,
Experiments/Results/gecco25_gc/exp4_output_ea_Acrobot-v1_neuromodulated_hb_seed-28_time-2025-03-30_15-09-42.pkl,EA,Acrobot-v1,neuromodulated_hb,28,100,1000,53,748,"[64, 32]",50,10,8766,100,5654.94039,0.01,12640,,,,,,,,,
Experiments/Results/gecco25_gc/exp4_output_ea_Acrobot-v1_neuromodulated_hb_seed-29_time-2025-03-30_15-45-54.pkl,EA,Acrobot-v1,neuromodulated_hb,29,100,1000,13,737,"[64, 32]",50,10,8613,100,2171.800399,0.01,12640,,,,,,,,,
Experiments/Results/gecco25_gc/exp4_output_ea_Acrobot-v1_static_seed-0_time-2025-03-28_17-34-46.pkl,EA,Acrobot-v1,static,0,100,1000,16,725,"[64, 32]",50,10,9149,100,824.3754373,0.01,2528,,,,,,,,,
Experiments/Results/gecco25_gc/exp4_output_ea_Acrobot-v1_static_seed-1_time-2025-03-28_17-45-02.pkl,EA,Acrobot-v1,static,1,100,1000,10,721,"[64, 32]",50,10,7843,100,615.9586551,0.01,2528,,,,,,,,,
Experiments/Results/gecco25_gc/exp4_output_ea_Acrobot-v1_static_seed-2_time-2025-03-28_17-54-19.pkl,EA,Acrobot-v1,static,2,100,1000,9,749,"[64, 32]",50,10,9645,100,556.8469255,0.01,2528,,,,,,,,,
Experiments/Results/gecco25_gc/exp4_output_ea_Acrobot-v1_static_seed-3_time-2025-03-28_18-06-16.pkl,EA,Acrobot-v1,static,3,100,1000,14,750,"[64, 32]",50,10,9362,100,716.5117385,0.01,2528,,,,,,,,,
Experiments/Results/gecco25_gc/exp4_output_ea_Acrobot-v1_static_seed-4_time-2025-03-28_18-17-46.pkl,EA,Acrobot-v1,static,4,100,1000,12,736,"[64, 32]",50,10,8049,100,690.7088997,0.01,2528,,,,,,,,,
Experiments/Results/gecco25_gc/exp4_output_ea_Acrobot-v1_static_seed-5_time-2025-03-28_18-30-34.pkl,EA,Acrobot-v1,static,5,100,1000,12,745,"[64, 32]",50,10,8241,100,768.0851362,0.01,2528,,,,,,,,,
Experiments/Results/gecco25_gc/exp4_output_ea_Acrobot-v1_static_seed-6_time-2025-03-28_18-42-48.pkl,EA,Acrobot-v1,static,6,100,1000,16,723,"[64, 32]",50,10,8579,100,733.8546138,0.01,2528,,,,,,,,,
Experiments/Results/gecco25_gc/exp4_output_ea_Acrobot-v1_static_seed-7_time-2025-03-28_18-55-01.pkl,EA,Acrobot-v1,static,7,100,1000,16,725,"[64, 32]",50,10,8319,100,732.5349505,0.01,2528,,,,,,,,,
Experiments/Results/gecco25_gc/exp4_output_ea_Acrobot-v1_static_seed-8_time-2025-03-28_19-05-51.pkl,EA,Acrobot-v1,static,8,100,1000,13,742,"[64, 32]",50,10,8267,100,650.2167909,0.01,2528,,,,,,,,,
Experiments/Results/gecco25_gc/exp4_output_ea_Acrobot-v1_static_seed-9_time-2025-03-28_19-19-01.pkl,EA,Acrobot-v1,static,9,100,1000,19,747,"[64, 32]",50,10,8798,100,790.02473,0.01,2528,,,,,,,,,
Experiments/Results/gecco25_gc/exp4_output_ea_Acrobot-v1_static_seed-10_time-2025-03-28_19-31-44.pkl,EA,Acrobot-v1,static,10,100,1000,15,717,"[64, 32]",50,10,8909,100,762.571543,0.01,2528,,,,,,,,,
Experiments/Results/gecco25_gc/exp4_output_ea_Acrobot-v1_static_seed-11_time-2025-03-28_19-47-37.pkl,EA,Acrobot-v1,static,11,100,1000,21,705,"[64, 32]",50,10,8342,100,953.677887,0.01,2528,,,,,,,,,
Experiments/Results/gecco25_gc/exp4_output_ea_Acrobot-v1_static_seed-12_time-2025-03-28_19-57-51.pkl,EA,Acrobot-v1,static,12,100,1000,8,743,"[64, 32]",50,10,8540,100,613.0924435,0.01,2528,,,,,,,,,
Experiments/Results/gecco25_gc/exp4_output_ea_Acrobot-v1_static_seed-13_time-2025-03-28_20-11-53.pkl,EA,Acrobot-v1,static,13,100,1000,20,746,"[64, 32]",50,10,9190,100,842.3842299,0.01,2528,,,,,,,,,
Experiments/Results/gecco25_gc/exp4_output_ea_Acrobot-v1_static_seed-14_time-2025-03-28_20-20-37.pkl,EA,Acrobot-v1,static,14,100,1000,7,727,"[64, 32]",50,10,9230,100,524.1084783,0.01,2528,,,,,,,,,
Experiments/Results/gecco25_gc/exp4_output_ea_Acrobot-v1_static_seed-15_time-2025-03-28_20-36-30.pkl,EA,Acrobot-v1,static,15,100,1000,19,742,"[64, 32]",50,10,8652,100,953.2734737,0.01,2528,,,,,,,,,
Experiments/Results/gecco25_gc/exp4_output_ea_Acrobot-v1_static_seed-16_time-2025-03-28_20-50-52.pkl,EA,Acrobot-v1,static,16,100,1000,18,735,"[64, 32]",50,10,9151,100,862.0616024,0.01,2528,,,,,,,,,
Experiments/Results/gecco25_gc/exp4_output_ea_Acrobot-v1_static_seed-17_time-2025-03-28_21-03-55.pkl,EA,Acrobot-v1,static,17,100,1000,12,746,"[64, 32]",50,10,10556,100,783.0094922,0.01,2528,,,,,,,,,
Experiments/Results/gecco25_gc/exp4_output_ea_Acrobot-v1_static_seed-18_time-2025-03-28_21-19-34.pkl,EA,Acrobot-v1,static,18,100,1000,18,724,"[64, 32]",50,10,8923,100,938.6457422,0.01,2528,,,,,,,,,
Experiments/Results/gecco25_gc/exp4_output_ea_Acrobot-v1_static_seed-19_time-2025-03-28_21-26-41.pkl,EA,Acrobot-v1,static,19,100,1000,5,744,"[64, 32]",50,10,8294,100,426.6054261,0.01,2528,,,,,,,,,
Experiments/Results/gecco25_gc/exp4_output_ea_Acrobot-v1_static_seed-20_time-2025-03-28_21-37-27.pkl,EA,Acrobot-v1,static,20,100,1000,13,732,"[64, 32]",50,10,9133,100,646.3762238,0.01,2528,,,,,,,,,
Experiments/Results/gecco25_gc/exp4_output_ea_Acrobot-v1_static_seed-21_time-2025-03-28_21-49-06.pkl,EA,Acrobot-v1,static,21,100,1000,13,741,"[64, 32]",50,10,9121,100,698.7249022,0.01,2528,,,,,,,,,
Experiments/Results/gecco25_gc/exp4_output_ea_Acrobot-v1_static_seed-22_time-2025-03-28_21-59-59.pkl,EA,Acrobot-v1,static,22,100,1000,13,739,"[64, 32]",50,10,8242,100,653.2124624,0.01,2528,,,,,,,,,
Experiments/Results/gecco25_gc/exp4_output_ea_Acrobot-v1_static_seed-23_time-2025-03-28_22-16-02.pkl,EA,Acrobot-v1,static,23,100,1000,19,709,"[64, 32]",50,10,8930,100,962.6800926,0.01,2528,,,,,,,,,
Experiments/Results/gecco25_gc/exp4_output_ea_Acrobot-v1_static_seed-24_time-2025-03-28_22-24-02.pkl,EA,Acrobot-v1,static,24,100,1000,6,732,"[64, 32]",50,10,8541,100,479.9711998,0.01,2528,,,,,,,,,
Experiments/Results/gecco25_gc/exp4_output_ea_Acrobot-v1_static_seed-25_time-2025-03-28_22-33-36.pkl,EA,Acrobot-v1,static,25,100,1000,10,737,"[64, 32]",50,10,8643,100,574.6298614,0.01,2528,,,,,,,,,
Experiments/Results/gecco25_gc/exp4_output_ea_Acrobot-v1_static_seed-26_time-2025-03-28_22-49-01.pkl,EA,Acrobot-v1,static,26,100,1000,21,744,"[64, 32]",50,10,8283,100,924.7176287,0.01,2528,,,,,,,,,
Experiments/Results/gecco25_gc/exp4_output_ea_Acrobot-v1_static_seed-27_time-2025-03-28_22-59-05.pkl,EA,Acrobot-v1,static,27,100,1000,12,732,"[64, 32]",50,10,9020,100,603.9237437,0.01,2528,,,,,,,,,
Experiments/Results/gecco25_gc/exp4_output_ea_Acrobot-v1_static_seed-28_time-2025-03-28_23-10-08.pkl,EA,Acrobot-v1,static,28,100,1000,13,736,"[64, 32]",50,10,9364,100,663.185612,0.01,2528,,,,,,,,,
Experiments/Results/gecco25_gc/exp4_output_ea_Acrobot-v1_static_seed-29_time-2025-03-28_23-22-08.pkl,EA,Acrobot-v1,static,29,100,1000,18,701,"[64, 32]",50,10,9025,100,719.5714126,0.01,2528,,,,,,,,,
Experiments/Results/gecco25_gc/exp4_output_ea_CartPole-v1_abcd_seed-0_time-2025-03-23_22-08-58.pkl,EA,CartPole-v1,abcd,0,100,1000,24,-5000,"[64, 32]",50,10,-46430,100,1628.700216,0.01,11680,,,,,,,,,
Experiments/Results/gecco25_gc/exp4_output_ea_CartPole-v1_abcd_seed-1_time-2025-03-23_23-08-21.pkl,EA,CartPole-v1,abcd,1,100,1000,35,-5000,"[64, 32]",50,10,-39904,100,3562.393295,0.01,11680,,,,,,,,,
Experiments/Results/gecco25_gc/exp4_output_ea_CartPole-v1_abcd_seed-2_time-2025-03-23_23-19-05.pkl,EA,CartPole-v1,abcd,2,100,1000,16,-5000,"[64, 32]",50,10,-42808,100,644.1871188,0.01,11680,,,,,,,,,
Experiments/Results/gecco25_gc/exp4_output_ea_CartPole-v1_abcd_seed-3_time-2025-03-23_23-33-18.pkl,EA,CartPole-v1,abcd,3,100,1000,11,-5000,"[64, 32]",50,10,-38709,100,852.5761683,0.01,11680,,,,,,,,,
Experiments/Results/gecco25_gc/exp4_output_ea_CartPole-v1_abcd_seed-4_time-2025-03-23_23-51-09.pkl,EA,CartPole-v1,abcd,4,100,1000,17,-5000,"[64, 32]",50,10,-44875,100,1070.937054,0.01,11680,,,,,,,,,
Experiments/Results/gecco25_gc/exp4_output_ea_CartPole-v1_abcd_seed-5_time-2025-03-24_00-34-22.pkl,EA,CartPole-v1,abcd,5,100,1000,32,-5000,"[64, 32]",50,10,-43573,100,2593.685881,0.01,11680,,,,,,,,,
Experiments/Results/gecco25_gc/exp4_output_ea_CartPole-v1_abcd_seed-6_time-2025-03-24_01-07-15.pkl,EA,CartPole-v1,abcd,6,100,1000,24,-5000,"[64, 32]",50,10,-43295,100,1972.259251,0.01,11680,,,,,,,,,
Experiments/Results/gecco25_gc/exp4_output_ea_CartPole-v1_abcd_seed-7_time-2025-03-24_01-24-13.pkl,EA,CartPole-v1,abcd,7,100,1000,14,-5000,"[64, 32]",50,10,-38750,100,1018.205348,0.01,11680,,,,,,,,,
Experiments/Results/gecco25_gc/exp4_output_ea_CartPole-v1_abcd_seed-8_time-2025-03-24_02-13-55.pkl,EA,CartPole-v1,abcd,8,100,1000,36,-5000,"[64, 32]",50,10,-32618,100,2981.806303,0.01,11680,,,,,,,,,
Experiments/Results/gecco25_gc/exp4_output_ea_CartPole-v1_abcd_seed-9_time-2025-03-24_02-33-30.pkl,EA,CartPole-v1,abcd,9,100,1000,15,-5000,"[64, 32]",50,10,-36342,100,1175.364475,0.01,11680,,,,,,,,,
Experiments/Results/gecco25_gc/exp4_output_ea_CartPole-v1_abcd_seed-10_time-2025-03-23_21-59-20.pkl,EA,CartPole-v1,abcd,10,100,1000,13,-5000,"[64, 32]",50,10,-38461,100,1027.910067,0.01,11680,,,,,,,,,
Experiments/Results/gecco25_gc/exp4_output_ea_CartPole-v1_abcd_seed-11_time-2025-03-23_22-29-59.pkl,EA,CartPole-v1,abcd,11,100,1000,24,-5000,"[64, 32]",50,10,-18391,100,1839.384848,0.01,11680,,,,,,,,,
Experiments/Results/gecco25_gc/exp4_output_ea_CartPole-v1_abcd_seed-12_time-2025-03-23_23-37-33.pkl,EA,CartPole-v1,abcd,12,100,1000,43,-5000,"[64, 32]",50,10,-45722,100,4053.358893,0.01,11680,,,,,,,,,
Experiments/Results/gecco25_gc/exp4_output_ea_CartPole-v1_abcd_seed-13_time-2025-03-23_23-52-30.pkl,EA,CartPole-v1,abcd,13,100,1000,14,-5000,"[64, 32]",50,10,-19816,100,897.3038819,0.01,11680,,,,,,,,,
Experiments/Results/gecco25_gc/exp4_output_ea_CartPole-v1_abcd_seed-14_time-2025-03-24_00-07-12.pkl,EA,CartPole-v1,abcd,14,100,1000,18,-5000,"[64, 32]",50,10,-36521,100,881.778863,0.01,11680,,,,,,,,,
Experiments/Results/gecco25_gc/exp4_output_ea_CartPole-v1_abcd_seed-15_time-2025-03-24_03-14-52.pkl,EA,CartPole-v1,abcd,15,100,1000,93,-5000,"[64, 32]",50,10,-33385,100,11260.05275,0.01,11680,,,,,,,,,
Experiments/Results/gecco25_gc/exp4_output_ea_CartPole-v1_abcd_seed-16_time-2025-03-24_03-38-39.pkl,EA,CartPole-v1,abcd,16,100,1000,21,-5000,"[64, 32]",50,10,-34639,100,1426.858546,0.01,11680,,,,,,,,,
Experiments/Results/gecco25_gc/exp4_output_ea_CartPole-v1_abcd_seed-17_time-2025-03-24_03-55-56.pkl,EA,CartPole-v1,abcd,17,100,1000,19,-5000,"[64, 32]",50,10,-38952,100,1037.104404,0.01,11680,,,,,,,,,
Experiments/Results/gecco25_gc/exp4_output_ea_CartPole-v1_abcd_seed-18_time-2025-03-24_04-42-13.pkl,EA,CartPole-v1,abcd,18,100,1000,29,-5000,"[64, 32]",50,10,-31336,100,2776.941692,0.01,11680,,,,,,,,,
Experiments/Results/gecco25_gc/exp4_output_ea_CartPole-v1_abcd_seed-19_time-2025-03-24_04-58-53.pkl,EA,CartPole-v1,abcd,19,100,1000,20,-5000,"[64, 32]",50,10,-46623,100,1000.391977,0.01,11680,,,,,,,,,
Experiments/Results/gecco25_gc/exp4_output_ea_CartPole-v1_abcd_seed-20_time-2025-03-23_22-50-31.pkl,EA,CartPole-v1,abcd,20,100,1000,33,-5000,"[64, 32]",50,10,-40606,100,4073.851488,0.01,11680,,,,,,,,,
Experiments/Results/gecco25_gc/exp4_output_ea_CartPole-v1_abcd_seed-21_time-2025-03-23_23-19-58.pkl,EA,CartPole-v1,abcd,21,100,1000,21,-5000,"[64, 32]",50,10,-35302,100,1766.901166,0.01,11680,,,,,,,,,
Experiments/Results/gecco25_gc/exp4_output_ea_CartPole-v1_abcd_seed-22_time-2025-03-23_23-57-30.pkl,EA,CartPole-v1,abcd,22,100,1000,19,-5000,"[64, 32]",50,10,-41264,100,2251.634044,0.01,11680,,,,,,,,,
Experiments/Results/gecco25_gc/exp4_output_ea_CartPole-v1_abcd_seed-23_time-2025-03-24_00-35-26.pkl,EA,CartPole-v1,abcd,23,100,1000,25,-5000,"[64, 32]",50,10,-46699,100,2276.940087,0.01,11680,,,,,,,,,
Experiments/Results/gecco25_gc/exp4_output_ea_CartPole-v1_abcd_seed-24_time-2025-03-24_01-23-59.pkl,EA,CartPole-v1,abcd,24,100,1000,28,-5000,"[64, 32]",50,10,-41991,100,2912.14851,0.01,11680,,,,,,,,,
Experiments/Results/gecco25_gc/exp4_output_ea_CartPole-v1_abcd_seed-25_time-2025-03-24_02-57-08.pkl,EA,CartPole-v1,abcd,25,100,1000,37,-5000,"[64, 32]",50,10,-26864,100,5589.807024,0.01,11680,,,,,,,,,
Experiments/Results/gecco25_gc/exp4_output_ea_CartPole-v1_abcd_seed-26_time-2025-03-24_03-17-03.pkl,EA,CartPole-v1,abcd,26,100,1000,16,-5000,"[64, 32]",50,10,-39085,100,1194.924515,0.01,11680,,,,,,,,,
Experiments/Results/gecco25_gc/exp4_output_ea_CartPole-v1_abcd_seed-27_time-2025-03-24_05-08-22.pkl,EA,CartPole-v1,abcd,27,100,1000,42,-5000,"[64, 32]",50,10,-37532,100,6678.323878,0.01,11680,,,,,,,,,
Experiments/Results/gecco25_gc/exp4_output_ea_CartPole-v1_abcd_seed-28_time-2025-03-24_06-58-40.pkl,EA,CartPole-v1,abcd,28,100,1000,39,-5000,"[64, 32]",50,10,-43066,100,6618.169753,0.01,11680,,,,,,,,,
Experiments/Results/gecco25_gc/exp4_output_ea_CartPole-v1_abcd_seed-29_time-2025-03-24_08-04-27.pkl,EA,CartPole-v1,abcd,29,100,1000,34,-5000,"[64, 32]",50,10,-37983,100,3946.807261,0.01,11680,,,,,,,,,
Experiments/Results/gecco25_gc/exp4_output_ea_CartPole-v1_neuromodulated_hb_seed-0_time-2025-03-23_15-44-55.pkl,EA,CartPole-v1,neuromodulated_hb,0,100,1000,10,-5000,"[64, 32]",50,10,-39535,100,533.9943016,0.01,11680,,,,,,,,,
Experiments/Results/gecco25_gc/exp4_output_ea_CartPole-v1_neuromodulated_hb_seed-1_time-2025-03-23_16-47-04.pkl,EA,CartPole-v1,neuromodulated_hb,1,100,1000,27,-5000,"[64, 32]",50,10,-33095,100,3728.889353,0.01,11680,,,,,,,,,
Experiments/Results/gecco25_gc/exp4_output_ea_CartPole-v1_neuromodulated_hb_seed-2_time-2025-03-23_17-30-20.pkl,EA,CartPole-v1,neuromodulated_hb,2,100,1000,23,-5000,"[64, 32]",50,10,-42304,100,2595.716419,0.01,11680,,,,,,,,,
Experiments/Results/gecco25_gc/exp4_output_ea_CartPole-v1_neuromodulated_hb_seed-3_time-2025-03-23_18-25-27.pkl,EA,CartPole-v1,neuromodulated_hb,3,100,1000,19,-5000,"[64, 32]",50,10,-45107,100,3307.879104,0.01,11680,,,,,,,,,
Experiments/Results/gecco25_gc/exp4_output_ea_CartPole-v1_neuromodulated_hb_seed-4_time-2025-03-23_18-50-31.pkl,EA,CartPole-v1,neuromodulated_hb,4,100,1000,16,-5000,"[64, 32]",50,10,-34478,100,1503.440212,0.01,11680,,,,,,,,,
Experiments/Results/gecco25_gc/exp4_output_ea_CartPole-v1_neuromodulated_hb_seed-5_time-2025-03-23_19-05-41.pkl,EA,CartPole-v1,neuromodulated_hb,5,100,1000,12,-5000,"[64, 32]",50,10,-41745,100,910.5499251,0.01,11680,,,,,,,,,
Experiments/Results/gecco25_gc/exp4_output_ea_CartPole-v1_neuromodulated_hb_seed-6_time-2025-03-23_20-21-56.pkl,EA,CartPole-v1,neuromodulated_hb,6,100,1000,32,-5000,"[64, 32]",50,10,-30206,100,4574.989133,0.01,11680,,,,,,,,,
Experiments/Results/gecco25_gc/exp4_output_ea_CartPole-v1_neuromodulated_hb_seed-7_time-2025-03-23_20-40-55.pkl,EA,CartPole-v1,neuromodulated_hb,7,100,1000,12,-5000,"[64, 32]",50,10,-39982,100,1138.408572,0.01,11680,,,,,,,,,
Experiments/Results/gecco25_gc/exp4_output_ea_CartPole-v1_neuromodulated_hb_seed-8_time-2025-03-23_21-28-52.pkl,EA,CartPole-v1,neuromodulated_hb,8,100,1000,26,-5000,"[64, 32]",50,10,-44135,100,2876.651272,0.01,11680,,,,,,,,,
Experiments/Results/gecco25_gc/exp4_output_ea_CartPole-v1_neuromodulated_hb_seed-9_time-2025-03-23_21-46-51.pkl,EA,CartPole-v1,neuromodulated_hb,9,100,1000,13,-5000,"[64, 32]",50,10,-46839,100,1079.886401,0.01,11680,,,,,,,,,
Experiments/Results/gecco25_gc/exp4_output_ea_CartPole-v1_neuromodulated_hb_seed-10_time-2025-03-23_22-02-05.pkl,EA,CartPole-v1,neuromodulated_hb,10,100,1000,11,-5000,"[64, 32]",50,10,-41854,100,913.3270192,0.01,11680,,,,,,,,,
Experiments/Results/gecco25_gc/exp4_output_ea_CartPole-v1_neuromodulated_hb_seed-11_time-2025-03-23_22-28-10.pkl,EA,CartPole-v1,neuromodulated_hb,11,100,1000,18,-5000,"[64, 32]",50,10,-49053,100,1565.295487,0.01,11680,,,,,,,,,
Experiments/Results/gecco25_gc/exp4_output_ea_CartPole-v1_neuromodulated_hb_seed-12_time-2025-03-23_22-46-54.pkl,EA,CartPole-v1,neuromodulated_hb,12,100,1000,13,-5000,"[64, 32]",50,10,-43698,100,1123.941189,0.01,11680,,,,,,,,,
Experiments/Results/gecco25_gc/exp4_output_ea_CartPole-v1_neuromodulated_hb_seed-13_time-2025-03-23_23-23-07.pkl,EA,CartPole-v1,neuromodulated_hb,13,100,1000,22,-5000,"[64, 32]",50,10,-37588,100,2172.732964,0.01,11680,,,,,,,,,
Experiments/Results/gecco25_gc/exp4_output_ea_CartPole-v1_neuromodulated_hb_seed-14_time-2025-03-24_00-16-40.pkl,EA,CartPole-v1,neuromodulated_hb,14,100,1000,30,-5000,"[64, 32]",50,10,-42238,100,3213.534223,0.01,11680,,,,,,,,,
Experiments/Results/gecco25_gc/exp4_output_ea_CartPole-v1_neuromodulated_hb_seed-15_time-2025-03-24_00-35-51.pkl,EA,CartPole-v1,neuromodulated_hb,15,100,1000,15,-5000,"[64, 32]",50,10,-45894,100,1150.721767,0.01,11680,,,,,,,,,
Experiments/Results/gecco25_gc/exp4_output_ea_CartPole-v1_neuromodulated_hb_seed-16_time-2025-03-24_01-10-44.pkl,EA,CartPole-v1,neuromodulated_hb,16,100,1000,21,-5000,"[64, 32]",50,10,-33594,100,2092.882242,0.01,11680,,,,,,,,,
Experiments/Results/gecco25_gc/exp4_output_ea_CartPole-v1_neuromodulated_hb_seed-17_time-2025-03-24_01-30-18.pkl,EA,CartPole-v1,neuromodulated_hb,17,100,1000,15,-5000,"[64, 32]",50,10,-38160,100,1174.214244,0.01,11680,,,,,,,,,
Experiments/Results/gecco25_gc/exp4_output_ea_CartPole-v1_neuromodulated_hb_seed-18_time-2025-03-24_03-02-37.pkl,EA,CartPole-v1,neuromodulated_hb,18,100,1000,35,-5000,"[64, 32]",50,10,-34509,100,5539.038066,0.01,11680,,,,,,,,,
Experiments/Results/gecco25_gc/exp4_output_ea_CartPole-v1_neuromodulated_hb_seed-19_time-2025-03-24_03-18-43.pkl,EA,CartPole-v1,neuromodulated_hb,19,100,1000,14,-5000,"[64, 32]",50,10,-32010,100,965.5597334,0.01,11680,,,,,,,,,
Experiments/Results/gecco25_gc/exp4_output_ea_CartPole-v1_neuromodulated_hb_seed-20_time-2025-03-24_04-10-00.pkl,EA,CartPole-v1,neuromodulated_hb,20,100,1000,28,-5000,"[64, 32]",50,10,-34933,100,3076.774891,0.01,11680,,,,,,,,,
Experiments/Results/gecco25_gc/exp4_output_ea_CartPole-v1_neuromodulated_hb_seed-21_time-2025-03-24_04-57-54.pkl,EA,CartPole-v1,neuromodulated_hb,21,100,1000,27,-5000,"[64, 32]",50,10,-40488,100,2874.701116,0.01,11680,,,,,,,,,
Experiments/Results/gecco25_gc/exp4_output_ea_CartPole-v1_neuromodulated_hb_seed-22_time-2025-03-24_07-02-26.pkl,EA,CartPole-v1,neuromodulated_hb,22,100,1000,48,-5000,"[64, 32]",50,10,-28183,100,7471.427426,0.01,11680,,,,,,,,,
Experiments/Results/gecco25_gc/exp4_output_ea_CartPole-v1_neuromodulated_hb_seed-23_time-2025-03-24_09-29-30.pkl,EA,CartPole-v1,neuromodulated_hb,23,100,1000,63,-5000,"[64, 32]",50,10,-35412,100,8824.819841,0.01,11680,,,,,,,,,
Experiments/Results/gecco25_gc/exp4_output_ea_CartPole-v1_neuromodulated_hb_seed-24_time-2025-03-24_09-50-59.pkl,EA,CartPole-v1,neuromodulated_hb,24,100,1000,17,-5000,"[64, 32]",50,10,-48963,100,1288.681198,0.01,11680,,,,,,,,,
Experiments/Results/gecco25_gc/exp4_output_ea_CartPole-v1_neuromodulated_hb_seed-25_time-2025-03-24_10-18-12.pkl,EA,CartPole-v1,neuromodulated_hb,25,100,1000,19,-5000,"[64, 32]",50,10,-41524,100,1632.617138,0.01,11680,,,,,,,,,
Experiments/Results/gecco25_gc/exp4_output_ea_CartPole-v1_neuromodulated_hb_seed-26_time-2025-03-24_10-30-39.pkl,EA,CartPole-v1,neuromodulated_hb,26,100,1000,12,-5000,"[64, 32]",50,10,-35745,100,747.1475751,0.01,11680,,,,,,,,,
Experiments/Results/gecco25_gc/exp4_output_ea_CartPole-v1_neuromodulated_hb_seed-27_time-2025-03-24_11-31-00.pkl,EA,CartPole-v1,neuromodulated_hb,27,100,1000,33,-5000,"[64, 32]",50,10,-42189,100,3620.843926,0.01,11680,,,,,,,,,
Experiments/Results/gecco25_gc/exp4_output_ea_CartPole-v1_neuromodulated_hb_seed-28_time-2025-03-24_12-35-14.pkl,EA,CartPole-v1,neuromodulated_hb,28,100,1000,28,-5000,"[64, 32]",50,10,-46252,100,3854.139247,0.01,11680,,,,,,,,,
Experiments/Results/gecco25_gc/exp4_output_ea_CartPole-v1_neuromodulated_hb_seed-29_time-2025-03-24_12-58-19.pkl,EA,CartPole-v1,neuromodulated_hb,29,100,1000,19,-5000,"[64, 32]",50,10,-44950,100,1384.787784,0.01,11680,,,,,,,,,
Experiments/Results/gecco25_gc/exp4_output_ea_CartPole-v1_static_seed-0_time-2025-03-23_13-43-01.pkl,EA,CartPole-v1,static,0,100,1000,5,-5000,"[64, 32]",50,10,-50000,100,62.47167,0.01,2336,,,,,,,,,
Experiments/Results/gecco25_gc/exp4_output_ea_CartPole-v1_static_seed-1_time-2025-03-23_13-47-23.pkl,EA,CartPole-v1,static,1,100,1000,17,-5000,"[64, 32]",50,10,-47544,100,262.4215,0.01,2336,,,,,,,,,
Experiments/Results/gecco25_gc/exp4_output_ea_CartPole-v1_static_seed-2_time-2025-03-23_13-48-08.pkl,EA,CartPole-v1,static,2,100,1000,3,-5000,"[64, 32]",50,10,-35965,100,44.1373,0.01,2336,,,,,,,,,
Experiments/Results/gecco25_gc/exp4_output_ea_CartPole-v1_static_seed-3_time-2025-03-23_13-49-29.pkl,EA,CartPole-v1,static,3,100,1000,6,-5000,"[64, 32]",50,10,-40318,100,81.83472,0.01,2336,,,,,,,,,
Experiments/Results/gecco25_gc/exp4_output_ea_CartPole-v1_static_seed-4_time-2025-03-23_13-50-08.pkl,EA,CartPole-v1,static,4,100,1000,3,-5000,"[64, 32]",50,10,-45280,100,38.69206,0.01,2336,,,,,,,,,
Experiments/Results/gecco25_gc/exp4_output_ea_CartPole-v1_static_seed-5_time-2025-03-23_13-51-04.pkl,EA,CartPole-v1,static,5,100,1000,4,-5000,"[64, 32]",50,10,-18169,100,55.33984,0.01,2336,,,,,,,,,
Experiments/Results/gecco25_gc/exp4_output_ea_CartPole-v1_static_seed-6_time-2025-03-23_13-51-42.pkl,EA,CartPole-v1,static,6,100,1000,3,-5000,"[64, 32]",50,10,-38919,100,37.99182,0.01,2336,,,,,,,,,
Experiments/Results/gecco25_gc/exp4_output_ea_CartPole-v1_static_seed-7_time-2025-03-23_13-52-35.pkl,EA,CartPole-v1,static,7,100,1000,4,-5000,"[64, 32]",50,10,-48423,100,53.41843,0.01,2336,,,,,,,,,
Experiments/Results/gecco25_gc/exp4_output_ea_CartPole-v1_static_seed-8_time-2025-03-23_13-53-03.pkl,EA,CartPole-v1,static,8,100,1000,2,-5000,"[64, 32]",50,10,-48590,100,27.60128,0.01,2336,,,,,,,,,
Experiments/Results/gecco25_gc/exp4_output_ea_CartPole-v1_static_seed-9_time-2025-03-23_13-53-53.pkl,EA,CartPole-v1,static,9,100,1000,4,-5000,"[64, 32]",50,10,-15089,100,50.85289,0.01,2336,,,,,,,,,
Experiments/Results/gecco25_gc/exp4_output_ea_CartPole-v1_static_seed-10_time-2025-03-23_13-54-49.pkl,EA,CartPole-v1,static,10,100,1000,4,-5000,"[64, 32]",50,10,-48291,100,55.64816,0.01,2336,,,,,,,,,
Experiments/Results/gecco25_gc/exp4_output_ea_CartPole-v1_static_seed-11_time-2025-03-23_13-56-22.pkl,EA,CartPole-v1,static,11,100,1000,6,-5000,"[64, 32]",50,10,-50000,100,92.86381,0.01,2336,,,,,,,,,
Experiments/Results/gecco25_gc/exp4_output_ea_CartPole-v1_static_seed-12_time-2025-03-23_13-58-19.pkl,EA,CartPole-v1,static,12,100,1000,8,-5000,"[64, 32]",50,10,-49204,100,117.203,0.01,2336,,,,,,,,,
Experiments/Results/gecco25_gc/exp4_output_ea_CartPole-v1_static_seed-13_time-2025-03-23_13-59-12.pkl,EA,CartPole-v1,static,13,100,1000,4,-5000,"[64, 32]",50,10,-50000,100,52.75742,0.01,2336,,,,,,,,,
Experiments/Results/gecco25_gc/exp4_output_ea_CartPole-v1_static_seed-14_time-2025-03-23_13-59-24.pkl,EA,CartPole-v1,static,14,100,1000,0,-5000,"[64, 32]",50,10,-28440,100,11.98019,0.01,2336,,,,,,,,,
Experiments/Results/gecco25_gc/exp4_output_ea_CartPole-v1_static_seed-15_time-2025-03-23_13-59-34.pkl,EA,CartPole-v1,static,15,100,1000,0,-5000,"[64, 32]",50,10,-28368,100,9.637035,0.01,2336,,,,,,,,,
Experiments/Results/gecco25_gc/exp4_output_ea_CartPole-v1_static_seed-16_time-2025-03-23_14-02-23.pkl,EA,CartPole-v1,static,16,100,1000,10,-5000,"[64, 32]",50,10,-7223,100,169.1332,0.01,2336,,,,,,,,,
Experiments/Results/gecco25_gc/exp4_output_ea_CartPole-v1_static_seed-17_time-2025-03-23_14-02-40.pkl,EA,CartPole-v1,static,17,100,1000,1,-5000,"[64, 32]",50,10,-24569,100,17.07196,0.01,2336,,,,,,,,,
Experiments/Results/gecco25_gc/exp4_output_ea_CartPole-v1_static_seed-18_time-2025-03-23_14-04-03.pkl,EA,CartPole-v1,static,18,100,1000,7,-5000,"[64, 32]",50,10,-30350,100,83.55713,0.01,2336,,,,,,,,,
Experiments/Results/gecco25_gc/exp4_output_ea_CartPole-v1_static_seed-19_time-2025-03-23_14-06-05.pkl,EA,CartPole-v1,static,19,100,1000,9,-5000,"[64, 32]",50,10,-50000,100,121.7579,0.01,2336,,,,,,,,,
Experiments/Results/gecco25_gc/exp4_output_ea_CartPole-v1_static_seed-20_time-2025-03-23_14-06-26.pkl,EA,CartPole-v1,static,20,100,1000,1,-5000,"[64, 32]",50,10,-50000,100,21.29986,0.01,2336,,,,,,,,,
Experiments/Results/gecco25_gc/exp4_output_ea_CartPole-v1_static_seed-21_time-2025-03-23_14-06-56.pkl,EA,CartPole-v1,static,21,100,1000,2,-5000,"[64, 32]",50,10,-23455,100,29.28137,0.01,2336,,,,,,,,,
Experiments/Results/gecco25_gc/exp4_output_ea_CartPole-v1_static_seed-22_time-2025-03-23_14-07-22.pkl,EA,CartPole-v1,static,22,100,1000,2,-5000,"[64, 32]",50,10,-38821,100,26.63089,0.01,2336,,,,,,,,,
Experiments/Results/gecco25_gc/exp4_output_ea_CartPole-v1_static_seed-23_time-2025-03-23_14-07-56.pkl,EA,CartPole-v1,static,23,100,1000,3,-5000,"[64, 32]",50,10,-44938,100,33.8948,0.01,2336,,,,,,,,,
Experiments/Results/gecco25_gc/exp4_output_ea_CartPole-v1_static_seed-24_time-2025-03-23_14-08-43.pkl,EA,CartPole-v1,static,24,100,1000,3,-5000,"[64, 32]",50,10,-42876,100,46.91893,0.01,2336,,,,,,,,,
Experiments/Results/gecco25_gc/exp4_output_ea_CartPole-v1_static_seed-25_time-2025-03-23_14-11-13.pkl,EA,CartPole-v1,static,25,100,1000,9,-5000,"[64, 32]",50,10,-47172,100,149.7599,0.01,2336,,,,,,,,,
Experiments/Results/gecco25_gc/exp4_output_ea_CartPole-v1_static_seed-26_time-2025-03-23_14-11-52.pkl,EA,CartPole-v1,static,26,100,1000,3,-5000,"[64, 32]",50,10,-47516,100,39.44042,0.01,2336,,,,,,,,,
Experiments/Results/gecco25_gc/exp4_output_ea_CartPole-v1_static_seed-27_time-2025-03-23_14-12-32.pkl,EA,CartPole-v1,static,27,100,1000,3,-5000,"[64, 32]",50,10,-47822,100,40.09982,0.01,2336,,,,,,,,,
Experiments/Results/gecco25_gc/exp4_output_ea_CartPole-v1_static_seed-28_time-2025-03-23_14-13-44.pkl,EA,CartPole-v1,static,28,100,1000,5,-5000,"[64, 32]",50,10,-49386,100,71.82588,0.01,2336,,,,,,,,,
Experiments/Results/gecco25_gc/exp4_output_ea_CartPole-v1_static_seed-29_time-2025-03-23_14-14-18.pkl,EA,CartPole-v1,static,29,100,1000,3,-5000,"[64, 32]",50,10,-6397,100,33.27917,0.01,2336,,,,,,,,,
Experiments/Results/gecco25_gc/exp4_output_ea_MountainCar-v0_abcd_seed-0_time-2025-03-27_23-10-14.pkl,EA,MountainCar-v0,abcd,0,100,1000,91,1085,"[64, 32]",50,10,15209,100,4008.517282,0.01,11360,,,,,,,,,
Experiments/Results/gecco25_gc/exp4_output_ea_MountainCar-v0_abcd_seed-1_time-2025-03-28_01-42-06.pkl,EA,MountainCar-v0,abcd,1,100,1000,244,1100,"[64, 32]",50,10,22622,100,9111.973897,0.01,11360,,,,,,,,,
Experiments/Results/gecco25_gc/exp4_output_ea_MountainCar-v0_abcd_seed-2_time-2025-03-28_06-02-46.pkl,EA,MountainCar-v0,abcd,2,100,1000,421,1099,"[64, 32]",50,10,13935,100,15640.3106,0.01,11360,,,,,,,,,
Experiments/Results/gecco25_gc/exp4_output_ea_MountainCar-v0_abcd_seed-3_time-2025-03-28_06-58-47.pkl,EA,MountainCar-v0,abcd,3,100,1000,85,1086,"[64, 32]",50,10,12843,100,3361.287593,0.01,11360,,,,,,,,,
Experiments/Results/gecco25_gc/exp4_output_ea_MountainCar-v0_abcd_seed-4_time-2025-03-28_08-48-30.pkl,EA,MountainCar-v0,abcd,4,100,1000,178,1019,"[64, 32]",50,10,13719,100,6582.401299,0.01,11360,,,,,,,,,
Experiments/Results/gecco25_gc/exp4_output_ea_MountainCar-v0_abcd_seed-5_time-2025-03-28_10-42-17.pkl,EA,MountainCar-v0,abcd,5,100,1000,183,1084,"[64, 32]",50,10,13263,100,6826.779204,0.01,11360,,,,,,,,,
Experiments/Results/gecco25_gc/exp4_output_ea_MountainCar-v0_abcd_seed-6_time-2025-03-28_14-47-29.pkl,EA,MountainCar-v0,abcd,6,100,1000,404,1097,"[64, 32]",50,10,15544,100,14712.79025,0.01,11360,,,,,,,,,
Experiments/Results/gecco25_gc/exp4_output_ea_MountainCar-v0_abcd_seed-7_time-2025-03-25_01-47-06.pkl,EA,MountainCar-v0,abcd,7,100,1000,113,1100,"[64, 32]",50,10,18573,100,10892.38917,0.01,11360,1,,,,,,,,
Experiments/Results/gecco25_gc/exp4_output_ea_MountainCar-v0_abcd_seed-8_time-2025-03-25_07-13-18.pkl,EA,MountainCar-v0,abcd,8,100,1000,240,1098,"[64, 32]",50,10,11961,100,19572.22745,0.01,11360,1,,,,,,,,
Experiments/Results/gecco25_gc/exp4_output_ea_MountainCar-v0_abcd_seed-9_time-2025-03-26_06-33-11.pkl,EA,MountainCar-v0,abcd,9,100,1000,336,1094,"[64, 32]",50,10,13033,100,12158.14242,0.01,11360,1,,,,,,,,
Experiments/Results/gecco25_gc/exp4_output_ea_MountainCar-v0_abcd_seed-10_time-2025-03-26_08-28-06.pkl,EA,MountainCar-v0,abcd,10,100,1000,181,1099,"[64, 32]",50,10,13674,100,6895.354266,0.01,11360,1,,,,,,,,
Experiments/Results/gecco25_gc/exp4_output_ea_MountainCar-v0_abcd_seed-11_time-2025-03-25_01-54-14.pkl,EA,MountainCar-v0,abcd,11,100,1000,139,1100,"[64, 32]",50,10,14055,100,11306.45904,0.01,11360,1,,,,,,,,
Experiments/Results/gecco25_gc/exp4_output_ea_MountainCar-v0_abcd_seed-12_time-2025-03-27_19-11-54.pkl,EA,MountainCar-v0,abcd,12,100,1000,450,1074,"[64, 32]",50,10,11449,100,125028.0174,0.01,11360,1,,,,,,,,
Experiments/Results/gecco25_gc/exp4_output_ea_MountainCar-v0_abcd_seed-13_time-2025-03-27_21-28-27.pkl,EA,MountainCar-v0,abcd,13,100,1000,81,1096,"[64, 32]",50,10,16202,100,8192.885678,0.01,11360,1,,,,,,,,
Experiments/Results/gecco25_gc/exp4_output_ea_MountainCar-v0_abcd_seed-14_time-2025-03-28_19-35-08.pkl,EA,MountainCar-v0,abcd,14,100,1000,378,1091,"[64, 32]",50,10,15266,100,17258.87738,0.01,11360,,,,,,,,,
Experiments/Results/gecco25_gc/exp4_output_ea_MountainCar-v0_abcd_seed-15_time-2025-03-23_21-06-48.pkl,EA,MountainCar-v0,abcd,15,100,1000,474,1099,"[64, 32]",50,10,17129,100,20124.08598,0.01,11360,1,,,,,,,,
Experiments/Results/gecco25_gc/exp4_output_ea_MountainCar-v0_abcd_seed-16_time-2025-03-24_01-13-38.pkl,EA,MountainCar-v0,abcd,16,100,1000,438,1082,"[64, 32]",50,10,12768,100,14809.95229,0.01,11360,1,,,,,,,,
Experiments/Results/gecco25_gc/exp4_output_ea_MountainCar-v0_abcd_seed-17_time-2025-03-24_03-14-06.pkl,EA,MountainCar-v0,abcd,17,100,1000,189,1093,"[64, 32]",50,10,12466,100,7227.701407,0.01,11360,1,,,,,,,,
Experiments/Results/gecco25_gc/exp4_output_ea_MountainCar-v0_abcd_seed-18_time-2025-03-24_07-29-34.pkl,EA,MountainCar-v0,abcd,18,100,1000,364,1091,"[64, 32]",50,10,14872,100,15327.72861,0.01,11360,1,,,,,,,,
Experiments/Results/gecco25_gc/exp4_output_ea_MountainCar-v0_abcd_seed-19_time-2025-03-24_13-26-50.pkl,EA,MountainCar-v0,abcd,19,100,1000,290,1095,"[64, 32]",50,10,12886,100,21436.06291,0.01,11360,1,,,,,,,,
Experiments/Results/gecco25_gc/exp4_output_ea_MountainCar-v0_abcd_seed-20_time-2025-03-24_14-24-03.pkl,EA,MountainCar-v0,abcd,20,100,1000,90,1095,"[64, 32]",50,10,11708,100,3433.353646,0.01,11360,1,,,,,,,,
Experiments/Results/gecco25_gc/exp4_output_ea_MountainCar-v0_abcd_seed-21_time-2025-03-24_18-40-28.pkl,EA,MountainCar-v0,abcd,21,100,1000,213,1092,"[64, 32]",50,10,14493,100,15384.44594,0.01,11360,1,,,,,,,,
Experiments/Results/gecco25_gc/exp4_output_ea_MountainCar-v0_abcd_seed-22_time-2025-03-25_01-46-02.pkl,EA,MountainCar-v0,abcd,22,100,1000,630,1098,"[64, 32]",50,10,13478,100,25534.57805,0.01,11360,1,,,,,,,,
Experiments/Results/gecco25_gc/exp4_output_ea_MountainCar-v0_abcd_seed-23_time-2025-03-25_05-02-33.pkl,EA,MountainCar-v0,abcd,23,100,1000,288,1091,"[64, 32]",50,10,13594,100,11790.85586,0.01,11360,1,,,,,,,,
Experiments/Results/gecco25_gc/exp4_output_ea_MountainCar-v0_abcd_seed-24_time-2025-03-25_07-33-34.pkl,EA,MountainCar-v0,abcd,24,100,1000,223,1100,"[64, 32]",50,10,14713,100,9060.580112,0.01,11360,1,,,,,,,,
Experiments/Results/gecco25_gc/exp4_output_ea_MountainCar-v0_abcd_seed-25_time-2025-03-25_12-35-54.pkl,EA,MountainCar-v0,abcd,25,100,1000,443,1095,"[64, 32]",50,10,14377,100,18140.60524,0.01,11360,1,,,,,,,,
Experiments/Results/gecco25_gc/exp4_output_ea_MountainCar-v0_abcd_seed-26_time-2025-03-26_01-19-07.pkl,EA,MountainCar-v0,abcd,26,100,1000,626,1100,"[64, 32]",50,10,11453,100,45792.6655,0.01,11360,1,,,,,,,,
xperiments/Results/gecco25_gc/exp4_output_ea_MountainCar-v0_abcd_seed-27_time-2025-03-24_20-14-04.pkl,EA,MountainCar-v0,abcd,27,100,1000,262,1097,"[64, 32]",50,10,12471,100,19958.07727,0.01,11360,1,,,,,,,,
Experiments/Results/gecco25_gc/exp4_output_ea_MountainCar-v0_abcd_seed-28_time-2025-03-25_00-36-17.pkl,EA,MountainCar-v0,abcd,28,100,1000,223,1098,"[64, 32]",50,10,11214,100,15733.2234,0.01,11360,1,,,,,,,,
Experiments/Results/gecco25_gc/exp4_output_ea_MountainCar-v0_abcd_seed-29_time-2025-03-25_06-27-59.pkl,EA,MountainCar-v0,abcd,29,100,1000,254,1091,"[64, 32]",50,10,16700,100,21101.7687,0.01,11360,1,,,,,,,,
Experiments/Results/gecco25_gc/exp4_output_ea_MountainCar-v0_neuromodulated_hb_seed-0_time-2025-03-23_01-51-09.pkl,EA,MountainCar-v0,neuromodulated_hb,0,100,1000,260,1088,"[64, 32]",50,10,13732,100,20060.57854,0.01,11360,1,,,,,,,,
Experiments/Results/gecco25_gc/exp4_output_ea_MountainCar-v0_neuromodulated_hb_seed-1_time-2025-03-23_04-06-03.pkl,EA,MountainCar-v0,neuromodulated_hb,1,100,1000,94,1044,"[64, 32]",50,10,13849,100,8093.933111,0.01,11360,1,,,,,,,,
Experiments/Results/gecco25_gc/exp4_output_ea_MountainCar-v0_neuromodulated_hb_seed-2_time-2025-03-23_09-09-09.pkl,EA,MountainCar-v0,neuromodulated_hb,2,100,1000,230,1077,"[64, 32]",50,10,18858,100,18185.36556,0.01,11360,1,,,,,,,,
Experiments/Results/gecco25_gc/exp4_output_ea_MountainCar-v0_neuromodulated_hb_seed-3_time-2025-03-23_11-13-10.pkl,EA,MountainCar-v0,neuromodulated_hb,3,100,1000,89,1092,"[64, 32]",50,10,13504,100,7441.042016,0.01,11360,1,,,,,,,,
Experiments/Results/gecco25_gc/exp4_output_ea_MountainCar-v0_neuromodulated_hb_seed-4_time-2025-03-23_13-01-02.pkl,EA,MountainCar-v0,neuromodulated_hb,4,100,1000,77,1082,"[64, 32]",50,10,13917,100,6472.588128,0.01,11360,1,,,,,,,,
Experiments/Results/gecco25_gc/exp4_output_ea_MountainCar-v0_neuromodulated_hb_seed-5_time-2025-03-29_22-10-46.pkl,EA,MountainCar-v0,neuromodulated_hb,5,100,1000,445,1096,"[64, 32]",50,10,18337,100,20477.98919,0.01,11360,,,,,,,,,
Experiments/Results/gecco25_gc/exp4_output_ea_MountainCar-v0_neuromodulated_hb_seed-6_time-2025-03-31_04-39-44.pkl,EA,MountainCar-v0,neuromodulated_hb,6,100,1000,769,1098,"[64, 32]",50,10,28035,100,43498.83184,0.01,11360,,,,,,,,,
Experiments/Results/gecco25_gc/exp4_output_ea_MountainCar-v0_neuromodulated_hb_seed-7_time-2025-03-31_05-59-02.pkl,EA,MountainCar-v0,neuromodulated_hb,7,100,1000,98,1058,"[64, 32]",50,10,15806,100,4757.316871,0.01,11360,1,,,,,,,,
Experiments/Results/gecco25_gc/exp4_output_ea_MountainCar-v0_neuromodulated_hb_seed-8_time-2025-03-26_05-18-02.pkl,EA,MountainCar-v0,neuromodulated_hb,8,100,1000,359,1047,"[64, 32]",50,10,12635,100,25424.75,0.01,11360,1,,,,,,,,
Experiments/Results/gecco25_gc/exp4_output_ea_MountainCar-v0_neuromodulated_hb_seed-9_time-2025-03-26_08-23-45.pkl,EA,MountainCar-v0,neuromodulated_hb,9,100,1000,143,1076,"[64, 32]",50,10,14299,100,11143.42,0.01,11360,1,,,,,,,,
Experiments/Results/gecco25_gc/exp4_output_ea_MountainCar-v0_neuromodulated_hb_seed-10_time-2025-03-26_10-07-08.pkl,EA,MountainCar-v0,neuromodulated_hb,10,100,1000,76,1073,"[64, 32]",50,10,13205,100,6203.216,0.01,11360,,,,,,,,,
Experiments/Results/gecco25_gc/exp4_output_ea_MountainCar-v0_neuromodulated_hb_seed-11_time-2025-03-30_02-54-31.pkl,EA,MountainCar-v0,neuromodulated_hb,11,100,1000,377,1063,"[64, 32]",50,10,16862,100,33853.78171,0.01,11360,,,,,,,,,
Experiments/Results/gecco25_gc/exp4_output_ea_MountainCar-v0_neuromodulated_hb_seed-12_time-2025-03-30_20-04-34.pkl,EA,MountainCar-v0,neuromodulated_hb,12,100,1000,646,1091,"[64, 32]",50,10,14436,100,61803.73995,0.01,11360,,,,,,,,,
Experiments/Results/gecco25_gc/exp4_output_ea_MountainCar-v0_neuromodulated_hb_seed-13_time-2025-03-31_02-19-08.pkl,EA,MountainCar-v0,neuromodulated_hb,13,100,1000,229,1067,"[64, 32]",50,10,14386,100,22473.89749,0.01,11360,,,,,,,,,
Experiments/Results/gecco25_gc/exp4_output_ea_MountainCar-v0_neuromodulated_hb_seed-14_time-2025-03-31_07-50-12.pkl,EA,MountainCar-v0,neuromodulated_hb,14,100,1000,231,1097,"[64, 32]",50,10,12647,100,19863.35417,0.01,11360,,,,,,,,,
Experiments/Results/gecco25_gc/exp4_output_ea_MountainCar-v0_neuromodulated_hb_seed-15_time-2025-03-31_11-14-20.pkl,EA,MountainCar-v0,neuromodulated_hb,15,100,1000,129,1099,"[64, 32]",50,10,12109,100,12248.44255,0.01,11360,,,,,,,,,
Experiments/Results/gecco25_gc/exp4_output_ea_MountainCar-v0_neuromodulated_hb_seed-16_time-2025-03-31_14-39-35.pkl,EA,MountainCar-v0,neuromodulated_hb,16,100,1000,144,1100,"[64, 32]",50,10,13700,100,12315.36626,0.01,11360,1,,,,,,,,
Experiments/Results/gecco25_gc/exp4_output_ea_MountainCar-v0_neuromodulated_hb_seed-17_time-2025-04-01_05-59-47.pkl,EA,MountainCar-v0,neuromodulated_hb,17,100,1000,610,1098,"[64, 32]",50,10,12000,100,55211.68328,0.01,11360,,,,,,,,,
Experiments/Results/gecco25_gc/exp4_output_ea_MountainCar-v0_neuromodulated_hb_seed-18_time-2025-03-25_16-15-51.pkl,EA,MountainCar-v0,neuromodulated_hb,18,100,1000,906,1097,"[64, 32]",50,10,11218,100,63475.81401,0.01,11360,,,,,,,,,
Experiments/Results/gecco25_gc/exp4_output_ea_MountainCar-v0_neuromodulated_hb_seed-19_time-2025-03-31_02-40-30.pkl,EA,MountainCar-v0,neuromodulated_hb,19,100,1000,384,1100,"[64, 32]",50,10,13647,100,36325.381,0.01,11360,,,,,,,,,
Experiments/Results/gecco25_gc/exp4_output_ea_MountainCar-v0_neuromodulated_hb_seed-20_time-2025-03-31_11-05-59.pkl,EA,MountainCar-v0,neuromodulated_hb,20,100,1000,377,1095,"[64, 32]",50,10,11966,100,30329.42051,0.01,11360,,,,,,,,,
Experiments/Results/gecco25_gc/exp4_output_ea_MountainCar-v0_neuromodulated_hb_seed-21_time-2025-04-01_12-05-50.pkl,EA,MountainCar-v0,neuromodulated_hb,21,100,1000,999,1117,"[64, 32]",50,10,13713,100,89990.99787,0.01,11360,,,,,,,,,
Experiments/Results/gecco25_gc/exp4_output_ea_MountainCar-v0_neuromodulated_hb_seed-22_time-2025-04-01_17-36-13.pkl,EA,MountainCar-v0,neuromodulated_hb,22,100,1000,206,1088,"[64, 32]",50,10,12969,100,19823.38622,0.01,11360,1,,,,,,,,
Experiments/Results/gecco25_gc/exp4_output_ea_MountainCar-v0_neuromodulated_hb_seed-23_time-2025-04-01_22-15-19.pkl,EA,MountainCar-v0,neuromodulated_hb,23,100,1000,199,1093,"[64, 32]",50,10,12503,100,16745.93973,0.01,11360,1,,,,,,,,
Experiments/Results/gecco25_gc/exp4_output_ea_MountainCar-v0_neuromodulated_hb_seed-24_time-2025-03-25_00-53-57.pkl,EA,MountainCar-v0,neuromodulated_hb,24,100,1000,64,1091,"[64, 32]",50,10,12597,100,8208.629001,0.01,11360,,,,,,,,,
Experiments/Results/gecco25_gc/exp4_output_ea_MountainCar-v0_neuromodulated_hb_seed-25_time-2025-03-25_07-17-46.pkl,EA,MountainCar-v0,neuromodulated_hb,25,100,1000,206,1100,"[64, 32]",50,10,12257,100,23028.83407,0.01,11360,,,,,,,,,
Experiments/Results/gecco25_gc/exp4_output_ea_MountainCar-v0_neuromodulated_hb_seed-26_time-2025-03-31_02-51-50.pkl,EA,MountainCar-v0,neuromodulated_hb,26,100,1000,454,1100,"[64, 32]",50,10,11905,100,36991.31816,0.01,11360,,,,,,,,,
Experiments/Results/gecco25_gc/exp4_output_ea_MountainCar-v0_neuromodulated_hb_seed-27_time-2025-03-31_19-02-54.pkl,EA,MountainCar-v0,neuromodulated_hb,27,100,1000,726,1094,"[64, 32]",50,10,11664,100,58264.44336,0.01,11360,,,,,,,,,
Experiments/Results/gecco25_gc/exp4_output_ea_MountainCar-v0_neuromodulated_hb_seed-28_time-2025-03-31_23-25-24.pkl,EA,MountainCar-v0,neuromodulated_hb,28,100,1000,188,1092,"[64, 32]",50,10,13112,100,15750.19171,0.01,11360,,,,,,,,,
Experiments/Results/gecco25_gc/exp4_output_ea_MountainCar-v0_neuromodulated_hb_seed-29_time-2025-04-01_02-37-39.pkl,EA,MountainCar-v0,neuromodulated_hb,29,100,1000,107,1092,"[64, 32]",50,10,14085,100,11534.20343,0.01,11360,,,,,,,,,
Experiments/Results/gecco25_gc/exp4_output_ea_MountainCar-v0_static_seed-0_time-2025-03-22_20-57-24.pkl,EA,MountainCar-v0,static,0,100,1000,57,1032,"[64, 32]",50,10,40000,100,1098.325,0.01,2272,,,,,,,,,
Experiments/Results/gecco25_gc/exp4_output_ea_MountainCar-v0_static_seed-1_time-2025-03-22_21-52-31.pkl,EA,MountainCar-v0,static,1,100,1000,178,1067,"[64, 32]",50,10,29780,100,3307.133,0.01,2272,,,,,,,,,
Experiments/Results/gecco25_gc/exp4_output_ea_MountainCar-v0_static_seed-2_time-2025-03-22_22-46-58.pkl,EA,MountainCar-v0,static,2,100,1000,177,1038,"[64, 32]",50,10,35941,100,3267.639,0.01,2272,,,,,,,,,
Experiments/Results/gecco25_gc/exp4_output_ea_MountainCar-v0_static_seed-3_time-2025-03-22_23-14-18.pkl,EA,MountainCar-v0,static,3,100,1000,86,1003,"[64, 32]",50,10,40000,100,1639.993,0.01,2272,,,,,,,,,
Experiments/Results/gecco25_gc/exp4_output_ea_MountainCar-v0_static_seed-4_time-2025-03-22_23-25-26.pkl,EA,MountainCar-v0,static,4,100,1000,33,1075,"[64, 32]",50,10,40000,100,667.2421,0.01,2272,,,,,,,,,
Experiments/Results/gecco25_gc/exp4_output_ea_MountainCar-v0_static_seed-5_time-2025-03-23_01-11-42.pkl,EA,MountainCar-v0,static,5,100,1000,329,993,"[64, 32]",50,10,40000,100,6376.333,0.01,2272,,,,,,,,,
Experiments/Results/gecco25_gc/exp4_output_ea_MountainCar-v0_static_seed-6_time-2025-03-23_01-26-52.pkl,EA,MountainCar-v0,static,6,100,1000,45,1066,"[64, 32]",50,10,40000,100,909.7253,0.01,2272,,,,,,,,,
Experiments/Results/gecco25_gc/exp4_output_ea_MountainCar-v0_static_seed-7_time-2025-03-23_01-44-23.pkl,EA,MountainCar-v0,static,7,100,1000,52,1076,"[64, 32]",50,10,19016,100,1051.582,0.01,2272,,,,,,,,,
Experiments/Results/gecco25_gc/exp4_output_ea_MountainCar-v0_static_seed-8_time-2025-03-23_02-06-00.pkl,EA,MountainCar-v0,static,8,100,1000,65,1099,"[64, 32]",50,10,40000,100,1297.011,0.01,2272,,,,,,,,,
Experiments/Results/gecco25_gc/exp4_output_ea_MountainCar-v0_static_seed-9_time-2025-03-23_02-33-41.pkl,EA,MountainCar-v0,static,9,100,1000,85,1007,"[64, 32]",50,10,20436,100,1661.029,0.01,2272,,,,,,,,,
Experiments/Results/gecco25_gc/exp4_output_ea_MountainCar-v0_static_seed-10_time-2025-03-23_03-55-29.pkl,EA,MountainCar-v0,static,10,100,1000,250,1031,"[64, 32]",50,10,15979,100,4908.146,0.01,2272,,,,,,,,,
Experiments/Results/gecco25_gc/exp4_output_ea_MountainCar-v0_static_seed-11_time-2025-03-23_04-05-42.pkl,EA,MountainCar-v0,static,11,100,1000,29,1040,"[64, 32]",50,10,40000,100,612.227,0.01,2272,,,,,,,,,
Experiments/Results/gecco25_gc/exp4_output_ea_MountainCar-v0_static_seed-12_time-2025-03-23_04-27-33.pkl,EA,MountainCar-v0,static,12,100,1000,65,1050,"[64, 32]",50,10,13972,100,1311.214,0.01,2272,,,,,,,,,
Experiments/Results/gecco25_gc/exp4_output_ea_MountainCar-v0_static_seed-13_time-2025-03-23_04-39-05.pkl,EA,MountainCar-v0,static,13,100,1000,33,1018,"[64, 32]",50,10,20558,100,691.623,0.01,2272,,,,,,,,,
Experiments/Results/gecco25_gc/exp4_output_ea_MountainCar-v0_static_seed-14_time-2025-03-23_04-53-51.pkl,EA,MountainCar-v0,static,14,100,1000,44,1070,"[64, 32]",50,10,15847,100,886.0109,0.01,2272,,,,,,,,,
Experiments/Results/gecco25_gc/exp4_output_ea_MountainCar-v0_static_seed-15_time-2025-03-23_05-05-36.pkl,EA,MountainCar-v0,static,15,100,1000,34,1054,"[64, 32]",50,10,36128,100,705.3155,0.01,2272,,,,,,,,,
Experiments/Results/gecco25_gc/exp4_output_ea_MountainCar-v0_static_seed-16_time-2025-03-23_06-36-49.pkl,EA,MountainCar-v0,static,16,100,1000,283,1082,"[64, 32]",50,10,37494,100,5472.759,0.01,2272,,,,,,,,,
Experiments/Results/gecco25_gc/exp4_output_ea_MountainCar-v0_static_seed-17_time-2025-03-23_06-52-45.pkl,EA,MountainCar-v0,static,17,100,1000,47,1097,"[64, 32]",50,10,40000,100,956.806,0.01,2272,,,,,,,,,
Experiments/Results/gecco25_gc/exp4_output_ea_MountainCar-v0_static_seed-18_time-2025-03-23_07-09-21.pkl,EA,MountainCar-v0,static,18,100,1000,50,1063,"[64, 32]",50,10,24306,100,995.0968,0.01,2272,,,,,,,,,
Experiments/Results/gecco25_gc/exp4_output_ea_MountainCar-v0_static_seed-19_time-2025-03-23_07-45-35.pkl,EA,MountainCar-v0,static,19,100,1000,109,1077,"[64, 32]",50,10,40000,100,2174.313,0.01,2272,,,,,,,,,
Experiments/Results/gecco25_gc/exp4_output_ea_MountainCar-v0_static_seed-20_time-2025-03-23_07-55-20.pkl,EA,MountainCar-v0,static,20,100,1000,28,1091,"[64, 32]",50,10,40000,100,585.2114,0.01,2272,,,,,,,,,
Experiments/Results/gecco25_gc/exp4_output_ea_MountainCar-v0_static_seed-21_time-2025-03-23_08-59-56.pkl,EA,MountainCar-v0,static,21,100,1000,201,1034,"[64, 32]",50,10,40000,100,3876.203,0.01,2272,,,,,,,,,
Experiments/Results/gecco25_gc/exp4_output_ea_MountainCar-v0_static_seed-22_time-2025-03-23_09-24-26.pkl,EA,MountainCar-v0,static,22,100,1000,74,1043,"[64, 32]",50,10,40000,100,1469.626,0.01,2272,,,,,,,,,
Experiments/Results/gecco25_gc/exp4_output_ea_MountainCar-v0_static_seed-23_time-2025-03-23_10-05-45.pkl,EA,MountainCar-v0,static,23,100,1000,132,1072,"[64, 32]",50,10,18627,100,2479.32,0.01,2272,,,,,,,,,
Experiments/Results/gecco25_gc/exp4_output_ea_MountainCar-v0_static_seed-24_time-2025-03-23_10-22-22.pkl,EA,MountainCar-v0,static,24,100,1000,51,1062,"[64, 32]",50,10,40000,100,997.1648,0.01,2272,,,,,,,,,
Experiments/Results/gecco25_gc/exp4_output_ea_MountainCar-v0_static_seed-25_time-2025-03-23_11-11-22.pkl,EA,MountainCar-v0,static,25,100,1000,149,1078,"[64, 32]",50,10,32398,100,2939.168,0.01,2272,,,,,,,,,
Experiments/Results/gecco25_gc/exp4_output_ea_MountainCar-v0_static_seed-26_time-2025-03-23_11-33-52.pkl,EA,MountainCar-v0,static,26,100,1000,67,1096,"[64, 32]",50,10,18721,100,1350.726,0.01,2272,,,,,,,,,
Experiments/Results/gecco25_gc/exp4_output_ea_MountainCar-v0_static_seed-27_time-2025-03-23_13-07-36.pkl,EA,MountainCar-v0,static,27,100,1000,284,1067,"[64, 32]",50,10,40000,100,5623.868,0.01,2272,,,,,,,,,
Experiments/Results/gecco25_gc/exp4_output_ea_MountainCar-v0_static_seed-28_time-2025-03-23_13-21-52.pkl,EA,MountainCar-v0,static,28,100,1000,42,1041,"[64, 32]",50,10,40000,100,856.2159,0.01,2272,,,,,,,,,
Experiments/Results/gecco25_gc/exp4_output_ea_MountainCar-v0_static_seed-29_time-2025-03-23_13-35-23.pkl,EA,MountainCar-v0,static,29,100,1000,39,1092,"[64, 32]",50,10,15765,100,810.3628,0.01,2272,,,,,,,,,
